{"cameraMode":{"drawMode":0,"name":"Shaded","section":"Shading Mode"},"sceneLighting":true,"audioPlay":false,"sceneViewState":{"showFog":true,"showMaterialUpdate":false,"showSkybox":true,"showFlares":true,"showImageEffects":true,"showParticleSystems":true},"in2DMode":false,"pivot":{"x":-1.5929946899414063,"y":-12.782207489013672,"z":23.51324462890625},"rotation":{"x":-0.05740544945001602,"y":0.6259937286376953,"z":-0.04628836736083031,"w":-0.7763358950614929},"size":80.76080322265625,"orthographic":false}