{"cameraMode":{"drawMode":0,"name":"Shaded","section":"Shading Mode"},"sceneLighting":false,"audioPlay":false,"sceneViewState":{"showFog":true,"showMaterialUpdate":false,"showSkybox":false,"showFlares":true,"showImageEffects":true,"showParticleSystems":true},"in2DMode":false,"pivot":{"x":1.4152379035949708,"y":-2.39198899269104,"z":-0.6993541717529297},"rotation":{"x":0.2535719871520996,"y":-0.3524104654788971,"z":0.09981280565261841,"w":0.895291268825531},"size":9.530561447143555,"orthographic":false}