{"cameraMode":{"drawMode":0,"name":"Shaded","section":"Shading Mode"},"sceneLighting":false,"audioPlay":false,"sceneViewState":{"showFog":true,"showMaterialUpdate":false,"showSkybox":false,"showFlares":true,"showImageEffects":true,"showParticleSystems":true},"in2DMode":false,"pivot":{"x":0.02681112289428711,"y":0.18182377517223359,"z":-0.001064583659172058},"rotation":{"x":-0.20324204862117768,"y":0.3781260550022125,"z":-0.08547366410493851,"w":-0.8991184234619141},"size":0.9216077327728272,"orthographic":false}